2020-09-20 02:18:44.888 UTC,"b2bc_api","b2bc_dev",84533,"172.21.0.1:36094",5f66bc04.14a35,15,"PARSE",2020-09-20 02:18:44 UTC,4/11350,2047,LOG,00000,"duration: 39.688 ms  parse <unnamed>: select * from enterprise_transaction_message_v order by ar_received_at, source_id",,,,,,,,,""
2020-09-20 02:18:44.945 UTC,"b2bc_api","b2bc_dev",84533,"172.21.0.1:36094",5f66bc04.14a35,16,"BIND",2020-09-20 02:18:44 UTC,4/11350,2047,LOG,00000,"duration: 57.061 ms  bind <unnamed>/C_1: select * from enterprise_transaction_message_v order by ar_received_at, source_id",,,,,,,,,""
2020-09-20 02:18:44.955 UTC,"b2bc_api","b2bc_dev",84533,"172.21.0.1:36094",5f66bc04.14a35,17,"SELECT",2020-09-20 02:18:44 UTC,4/11350,2047,LOG,00000,"execute <unnamed>/C_1: select * from enterprise_transaction_message_v order by ar_received_at, source_id",,,,,,,,,""
2020-09-20 02:18:45.181 UTC,"b2bc_api","b2bc_dev",84533,"172.21.0.1:36094",5f66bc04.14a35,18,"SELECT",2020-09-20 02:18:44 UTC,4/11350,2047,LOG,00000,"duration: 226.291 ms",,,,,,,,,""
2020-09-20 02:18:45.324 UTC,"b2bc_api","b2bc_dev",84534,"172.21.0.1:36098",5f66bc04.14a36,17,"idle",2020-09-20 02:18:44 UTC,,0,LOG,00000,"disconnection: session time: 0:00:00.812 user=b2bc_api database=b2bc_dev host=172.21.0.1 port=36098",,,,,,,,,""
2020-09-20 02:18:45.324 UTC,"b2bc_api","b2bc_dev",84533,"172.21.0.1:36094",5f66bc04.14a35,19,"SELECT",2020-09-20 02:18:44 UTC,4/11350,2047,LOG,00000,"execute fetch from <unnamed>/C_1: select * from enterprise_transaction_message_v order by ar_received_at, source_id",,,,,,,,,""
2020-09-20 02:18:45.343 UTC,"b2bc_api","b2bc_dev",84533,"172.21.0.1:36094",5f66bc04.14a35,20,"SELECT",2020-09-20 02:18:44 UTC,4/11350,2047,LOG,00000,"duration: 15.159 ms",,,,,,,,,""
2020-09-20 02:18:45.345 UTC,"b2bc_api","b2bc_dev",84540,"172.21.0.1:36102",5f66bc04.14a3c,9,"idle",2020-09-20 02:18:44 UTC,,0,LOG,00000,"disconnection: session time: 0:00:00.697 user=b2bc_api database=b2bc_dev host=172.21.0.1 port=36102",,,,,,,,,""
2020-09-20 02:18:45.578 UTC,"b2bc_api","b2bc_dev",84533,"172.21.0.1:36094",5f66bc04.14a35,21,"SELECT",2020-09-20 02:18:44 UTC,4/11350,2047,LOG,00000,"execute fetch from <unnamed>/C_1: select * from enterprise_transaction_message_v order by ar_received_at, source_id",,,,,,,,,""
2020-09-20 02:18:45.579 UTC,"b2bc_api","b2bc_dev",84533,"172.21.0.1:36094",5f66bc04.14a35,22,"SELECT",2020-09-20 02:18:44 UTC,4/11350,2047,LOG,00000,"duration: 0.953 ms",,,,,,,,,""
2020-09-20 02:18:45.673 UTC,"b2bc_api","b2bc_dev",84533,"172.21.0.1:36094",5f66bc04.14a35,23,"SELECT",2020-09-20 02:18:44 UTC,4/11350,2047,LOG,00000,"execute fetch from <unnamed>/C_1: select * from enterprise_transaction_message_v order by ar_received_at, source_id",,,,,,,,,""
2020-09-20 02:18:45.674 UTC,"b2bc_api","b2bc_dev",84533,"172.21.0.1:36094",5f66bc04.14a35,24,"SELECT",2020-09-20 02:18:44 UTC,4/11350,2047,LOG,00000,"duration: 0.730 ms",,,,,,,,,""
2020-09-20 02:18:45.730 UTC,"b2bc_api","b2bc_dev",84533,"172.21.0.1:36094",5f66bc04.14a35,25,"SELECT",2020-09-20 02:18:44 UTC,4/11350,2047,LOG,00000,"execute fetch from <unnamed>/C_1: select * from enterprise_transaction_message_v order by ar_received_at, source_id",,,,,,,,,""
2020-09-20 02:18:45.731 UTC,"b2bc_api","b2bc_dev",84533,"172.21.0.1:36094",5f66bc04.14a35,26,"SELECT",2020-09-20 02:18:44 UTC,4/11350,2047,LOG,00000,"duration: 0.499 ms",,,,,,,,,""
2020-09-20 02:18:45.799 UTC,"b2bc_api","b2bc_dev",84533,"172.21.0.1:36094",5f66bc04.14a35,27,"SELECT",2020-09-20 02:18:44 UTC,4/11350,2047,LOG,00000,"execute fetch from <unnamed>/C_1: select * from enterprise_transaction_message_v order by ar_received_at, source_id",,,,,,,,,""
2020-09-20 02:18:45.800 UTC,"b2bc_api","b2bc_dev",84533,"172.21.0.1:36094",5f66bc04.14a35,28,"SELECT",2020-09-20 02:18:44 UTC,4/11350,2047,LOG,00000,"duration: 0.574 ms",,,,,,,,,""
2020-09-20 02:18:45.839 UTC,"b2bc_api","b2bc_dev",84533,"172.21.0.1:36094",5f66bc04.14a35,29,"SELECT",2020-09-20 02:18:44 UTC,4/11350,2047,LOG,00000,"execute fetch from <unnamed>/C_1: select * from enterprise_transaction_message_v order by ar_received_at, source_id",,,,,,,,,""
2020-09-20 02:18:45.840 UTC,"b2bc_api","b2bc_dev",84533,"172.21.0.1:36094",5f66bc04.14a35,30,"SELECT",2020-09-20 02:18:44 UTC,4/11350,2047,LOG,00000,"duration: 0.568 ms",,,,,,,,,""
2020-09-20 02:18:45.881 UTC,"b2bc_api","b2bc_dev",84533,"172.21.0.1:36094",5f66bc04.14a35,31,"SELECT",2020-09-20 02:18:44 UTC,4/11350,2047,LOG,00000,"execute fetch from <unnamed>/C_1: select * from enterprise_transaction_message_v order by ar_received_at, source_id",,,,,,,,,""
2020-09-20 02:18:45.881 UTC,"b2bc_api","b2bc_dev",84533,"172.21.0.1:36094",5f66bc04.14a35,32,"SELECT",2020-09-20 02:18:44 UTC,4/11350,2047,LOG,00000,"duration: 0.581 ms",,,,,,,,,""
2020-09-20 02:18:45.944 UTC,"b2bc_api","b2bc_dev",84533,"172.21.0.1:36094",5f66bc04.14a35,33,"SELECT",2020-09-20 02:18:44 UTC,4/11350,2047,LOG,00000,"execute fetch from <unnamed>/C_1: select * from enterprise_transaction_message_v order by ar_received_at, source_id",,,,,,,,,""
2020-09-20 02:18:45.945 UTC,"b2bc_api","b2bc_dev",84533,"172.21.0.1:36094",5f66bc04.14a35,34,"SELECT",2020-09-20 02:18:44 UTC,4/11350,2047,LOG,00000,"duration: 0.570 ms",,,,,,,,,""
2020-09-20 02:18:45.982 UTC,"b2bc_api","b2bc_dev",84533,"172.21.0.1:36094",5f66bc04.14a35,35,"SELECT",2020-09-20 02:18:44 UTC,4/11350,2047,LOG,00000,"execute fetch from <unnamed>/C_1: select * from enterprise_transaction_message_v order by ar_received_at, source_id",,,,,,,,,""
2020-09-20 02:18:45.982 UTC,"b2bc_api","b2bc_dev",84533,"172.21.0.1:36094",5f66bc04.14a35,36,"SELECT",2020-09-20 02:18:44 UTC,4/11350,2047,LOG,00000,"duration: 0.640 ms",,,,,,,,,""
2020-09-20 02:18:46.013 UTC,"b2bc_api","b2bc_dev",84533,"172.21.0.1:36094",5f66bc04.14a35,37,"SELECT",2020-09-20 02:18:44 UTC,4/11350,2047,LOG,00000,"execute fetch from <unnamed>/C_1: select * from enterprise_transaction_message_v order by ar_received_at, source_id",,,,,,,,,""
2020-09-20 02:18:46.013 UTC,"b2bc_api","b2bc_dev",84533,"172.21.0.1:36094",5f66bc04.14a35,38,"SELECT",2020-09-20 02:18:44 UTC,4/11350,2047,LOG,00000,"duration: 0.444 ms",,,,,,,,,""
2020-09-20 02:18:46.045 UTC,"b2bc_api","b2bc_dev",84533,"172.21.0.1:36094",5f66bc04.14a35,39,"SELECT",2020-09-20 02:18:44 UTC,4/11350,2047,LOG,00000,"execute fetch from <unnamed>/C_1: select * from enterprise_transaction_message_v order by ar_received_at, source_id",,,,,,,,,""
2020-09-20 02:18:46.045 UTC,"b2bc_api","b2bc_dev",84533,"172.21.0.1:36094",5f66bc04.14a35,40,"SELECT",2020-09-20 02:18:44 UTC,4/11350,2047,LOG,00000,"duration: 0.489 ms",,,,,,,,,""
2020-09-20 02:18:46.083 UTC,"b2bc_api","b2bc_dev",84533,"172.21.0.1:36094",5f66bc04.14a35,41,"SELECT",2020-09-20 02:18:44 UTC,4/11350,2047,LOG,00000,"execute fetch from <unnamed>/C_1: select * from enterprise_transaction_message_v order by ar_received_at, source_id",,,,,,,,,""
2020-09-20 02:18:46.083 UTC,"b2bc_api","b2bc_dev",84533,"172.21.0.1:36094",5f66bc04.14a35,42,"SELECT",2020-09-20 02:18:44 UTC,4/11350,2047,LOG,00000,"duration: 0.641 ms",,,,,,,,,""
2020-09-20 02:18:46.141 UTC,"b2bc_api","b2bc_dev",84533,"172.21.0.1:36094",5f66bc04.14a35,43,"SELECT",2020-09-20 02:18:44 UTC,4/11350,2047,LOG,00000,"execute fetch from <unnamed>/C_1: select * from enterprise_transaction_message_v order by ar_received_at, source_id",,,,,,,,,""
2020-09-20 02:18:46.142 UTC,"b2bc_api","b2bc_dev",84533,"172.21.0.1:36094",5f66bc04.14a35,44,"SELECT",2020-09-20 02:18:44 UTC,4/11350,2047,LOG,00000,"duration: 0.832 ms",,,,,,,,,""
2020-09-20 02:18:46.195 UTC,"b2bc_api","b2bc_dev",84533,"172.21.0.1:36094",5f66bc04.14a35,45,"SELECT",2020-09-20 02:18:44 UTC,4/11350,2047,LOG,00000,"execute fetch from <unnamed>/C_1: select * from enterprise_transaction_message_v order by ar_received_at, source_id",,,,,,,,,""
2020-09-20 02:18:46.196 UTC,"b2bc_api","b2bc_dev",84533,"172.21.0.1:36094",5f66bc04.14a35,46,"SELECT",2020-09-20 02:18:44 UTC,4/11350,2047,LOG,00000,"duration: 1.322 ms",,,,,,,,,""
2020-09-20 02:18:46.226 UTC,"b2bc_api","b2bc_dev",84533,"172.21.0.1:36094",5f66bc04.14a35,47,"SELECT",2020-09-20 02:18:44 UTC,4/11350,2047,LOG,00000,"execute fetch from <unnamed>/C_1: select * from enterprise_transaction_message_v order by ar_received_at, source_id",,,,,,,,,""
2020-09-20 02:18:46.227 UTC,"b2bc_api","b2bc_dev",84533,"172.21.0.1:36094",5f66bc04.14a35,48,"SELECT",2020-09-20 02:18:44 UTC,4/11350,2047,LOG,00000,"duration: 0.632 ms",,,,,,,,,""
2020-09-20 02:18:46.299 UTC,"b2bc_api","b2bc_dev",84533,"172.21.0.1:36094",5f66bc04.14a35,49,"SELECT",2020-09-20 02:18:44 UTC,4/11350,2047,LOG,00000,"execute fetch from <unnamed>/C_1: select * from enterprise_transaction_message_v order by ar_received_at, source_id",,,,,,,,,""
2020-09-20 02:18:46.300 UTC,"b2bc_api","b2bc_dev",84533,"172.21.0.1:36094",5f66bc04.14a35,50,"SELECT",2020-09-20 02:18:44 UTC,4/11350,2047,LOG,00000,"duration: 0.974 ms",,,,,,,,,""
2020-09-20 02:18:46.358 UTC,"b2bc_api","b2bc_dev",84533,"172.21.0.1:36094",5f66bc04.14a35,51,"SELECT",2020-09-20 02:18:44 UTC,4/11350,2047,LOG,00000,"execute fetch from <unnamed>/C_1: select * from enterprise_transaction_message_v order by ar_received_at, source_id",,,,,,,,,""
2020-09-20 02:18:46.363 UTC,"b2bc_api","b2bc_dev",84533,"172.21.0.1:36094",5f66bc04.14a35,52,"SELECT",2020-09-20 02:18:44 UTC,4/11350,2047,LOG,00000,"duration: 4.783 ms",,,,,,,,,""
2020-09-20 02:18:46.408 UTC,"b2bc_api","b2bc_dev",84533,"172.21.0.1:36094",5f66bc04.14a35,53,"SELECT",2020-09-20 02:18:44 UTC,4/11350,2047,LOG,00000,"execute fetch from <unnamed>/C_1: select * from enterprise_transaction_message_v order by ar_received_at, source_id",,,,,,,,,""
2020-09-20 02:18:46.409 UTC,"b2bc_api","b2bc_dev",84533,"172.21.0.1:36094",5f66bc04.14a35,54,"SELECT",2020-09-20 02:18:44 UTC,4/11350,2047,LOG,00000,"duration: 0.683 ms",,,,,,,,,""
2020-09-20 02:18:46.444 UTC,"b2bc_api","b2bc_dev",84533,"172.21.0.1:36094",5f66bc04.14a35,55,"SELECT",2020-09-20 02:18:44 UTC,4/11350,2047,LOG,00000,"execute fetch from <unnamed>/C_1: select * from enterprise_transaction_message_v order by ar_received_at, source_id",,,,,,,,,""
2020-09-20 02:18:46.446 UTC,"b2bc_api","b2bc_dev",84533,"172.21.0.1:36094",5f66bc04.14a35,56,"SELECT",2020-09-20 02:18:44 UTC,4/11350,2047,LOG,00000,"duration: 1.362 ms",,,,,,,,,""
2020-09-20 02:18:46.500 UTC,"b2bc_api","b2bc_dev",84533,"172.21.0.1:36094",5f66bc04.14a35,57,"SELECT",2020-09-20 02:18:44 UTC,4/11350,2047,LOG,00000,"execute fetch from <unnamed>/C_1: select * from enterprise_transaction_message_v order by ar_received_at, source_id",,,,,,,,,""
2020-09-20 02:18:46.501 UTC,"b2bc_api","b2bc_dev",84533,"172.21.0.1:36094",5f66bc04.14a35,58,"SELECT",2020-09-20 02:18:44 UTC,4/11350,2047,LOG,00000,"duration: 1.014 ms",,,,,,,,,""
2020-09-20 02:18:46.551 UTC,"b2bc_api","b2bc_dev",84533,"172.21.0.1:36094",5f66bc04.14a35,59,"SELECT",2020-09-20 02:18:44 UTC,4/11350,2047,LOG,00000,"execute fetch from <unnamed>/C_1: select * from enterprise_transaction_message_v order by ar_received_at, source_id",,,,,,,,,""
2020-09-20 02:18:46.558 UTC,"b2bc_api","b2bc_dev",84533,"172.21.0.1:36094",5f66bc04.14a35,60,"SELECT",2020-09-20 02:18:44 UTC,4/11350,2047,LOG,00000,"duration: 5.870 ms",,,,,,,,,""
2020-09-20 02:18:46.593 UTC,"b2bc_api","b2bc_dev",84533,"172.21.0.1:36094",5f66bc04.14a35,61,"SELECT",2020-09-20 02:18:44 UTC,4/11350,2047,LOG,00000,"execute fetch from <unnamed>/C_1: select * from enterprise_transaction_message_v order by ar_received_at, source_id",,,,,,,,,""
2020-09-20 02:18:46.594 UTC,"b2bc_api","b2bc_dev",84533,"172.21.0.1:36094",5f66bc04.14a35,62,"SELECT",2020-09-20 02:18:44 UTC,4/11350,2047,LOG,00000,"duration: 0.900 ms",,,,,,,,,""
2020-09-20 02:18:46.635 UTC,"b2bc_api","b2bc_dev",84533,"172.21.0.1:36094",5f66bc04.14a35,63,"SELECT",2020-09-20 02:18:44 UTC,4/11350,2047,LOG,00000,"execute fetch from <unnamed>/C_1: select * from enterprise_transaction_message_v order by ar_received_at, source_id",,,,,,,,,""
2020-09-20 02:18:46.636 UTC,"b2bc_api","b2bc_dev",84533,"172.21.0.1:36094",5f66bc04.14a35,64,"SELECT",2020-09-20 02:18:44 UTC,4/11350,2047,LOG,00000,"duration: 0.827 ms",,,,,,,,,""
2020-09-20 02:18:46.666 UTC,"b2bc_api","b2bc_dev",84533,"172.21.0.1:36094",5f66bc04.14a35,65,"SELECT",2020-09-20 02:18:44 UTC,4/11350,2047,LOG,00000,"execute fetch from <unnamed>/C_1: select * from enterprise_transaction_message_v order by ar_received_at, source_id",,,,,,,,,""
2020-09-20 02:18:46.667 UTC,"b2bc_api","b2bc_dev",84533,"172.21.0.1:36094",5f66bc04.14a35,66,"SELECT",2020-09-20 02:18:44 UTC,4/11350,2047,LOG,00000,"duration: 0.782 ms",,,,,,,,,""
2020-09-20 02:18:46.692 UTC,"b2bc_api","b2bc_dev",84533,"172.21.0.1:36094",5f66bc04.14a35,67,"SELECT",2020-09-20 02:18:44 UTC,4/11350,2047,LOG,00000,"execute fetch from <unnamed>/C_1: select * from enterprise_transaction_message_v order by ar_received_at, source_id",,,,,,,,,""
2020-09-20 02:18:46.693 UTC,"b2bc_api","b2bc_dev",84533,"172.21.0.1:36094",5f66bc04.14a35,68,"SELECT",2020-09-20 02:18:44 UTC,4/11350,2047,LOG,00000,"duration: 0.962 ms",,,,,,,,,""
2020-09-20 02:18:46.724 UTC,"b2bc_api","b2bc_dev",84533,"172.21.0.1:36094",5f66bc04.14a35,69,"SELECT",2020-09-20 02:18:44 UTC,4/11350,2047,LOG,00000,"execute fetch from <unnamed>/C_1: select * from enterprise_transaction_message_v order by ar_received_at, source_id",,,,,,,,,""
2020-09-20 02:18:46.725 UTC,"b2bc_api","b2bc_dev",84533,"172.21.0.1:36094",5f66bc04.14a35,70,"SELECT",2020-09-20 02:18:44 UTC,4/11350,2047,LOG,00000,"duration: 0.621 ms",,,,,,,,,""
2020-09-20 02:18:46.750 UTC,"b2bc_api","b2bc_dev",84533,"172.21.0.1:36094",5f66bc04.14a35,71,"SELECT",2020-09-20 02:18:44 UTC,4/11350,2047,LOG,00000,"execute fetch from <unnamed>/C_1: select * from enterprise_transaction_message_v order by ar_received_at, source_id",,,,,,,,,""
2020-09-20 02:18:46.751 UTC,"b2bc_api","b2bc_dev",84533,"172.21.0.1:36094",5f66bc04.14a35,72,"SELECT",2020-09-20 02:18:44 UTC,4/11350,2047,LOG,00000,"duration: 1.016 ms",,,,,,,,,""
2020-09-20 02:18:46.780 UTC,"b2bc_api","b2bc_dev",84533,"172.21.0.1:36094",5f66bc04.14a35,73,"SELECT",2020-09-20 02:18:44 UTC,4/11350,2047,LOG,00000,"execute fetch from <unnamed>/C_1: select * from enterprise_transaction_message_v order by ar_received_at, source_id",,,,,,,,,""
2020-09-20 02:18:46.781 UTC,"b2bc_api","b2bc_dev",84533,"172.21.0.1:36094",5f66bc04.14a35,74,"SELECT",2020-09-20 02:18:44 UTC,4/11350,2047,LOG,00000,"duration: 1.088 ms",,,,,,,,,""
2020-09-20 02:18:46.805 UTC,"b2bc_api","b2bc_dev",84533,"172.21.0.1:36094",5f66bc04.14a35,75,"SELECT",2020-09-20 02:18:44 UTC,4/11350,2047,LOG,00000,"execute fetch from <unnamed>/C_1: select * from enterprise_transaction_message_v order by ar_received_at, source_id",,,,,,,,,""
2020-09-20 02:18:46.806 UTC,"b2bc_api","b2bc_dev",84533,"172.21.0.1:36094",5f66bc04.14a35,76,"SELECT",2020-09-20 02:18:44 UTC,4/11350,2047,LOG,00000,"duration: 1.082 ms",,,,,,,,,""
2020-09-20 02:18:46.833 UTC,"b2bc_api","b2bc_dev",84533,"172.21.0.1:36094",5f66bc04.14a35,77,"SELECT",2020-09-20 02:18:44 UTC,4/11350,2047,LOG,00000,"execute fetch from <unnamed>/C_1: select * from enterprise_transaction_message_v order by ar_received_at, source_id",,,,,,,,,""
2020-09-20 02:18:46.834 UTC,"b2bc_api","b2bc_dev",84533,"172.21.0.1:36094",5f66bc04.14a35,78,"SELECT",2020-09-20 02:18:44 UTC,4/11350,2047,LOG,00000,"duration: 1.038 ms",,,,,,,,,""
2020-09-20 02:18:46.863 UTC,"b2bc_api","b2bc_dev",84533,"172.21.0.1:36094",5f66bc04.14a35,79,"SELECT",2020-09-20 02:18:44 UTC,4/11350,2047,LOG,00000,"execute fetch from <unnamed>/C_1: select * from enterprise_transaction_message_v order by ar_received_at, source_id",,,,,,,,,""
2020-09-20 02:18:46.864 UTC,"b2bc_api","b2bc_dev",84533,"172.21.0.1:36094",5f66bc04.14a35,80,"SELECT",2020-09-20 02:18:44 UTC,4/11350,2047,LOG,00000,"duration: 0.867 ms",,,,,,,,,""
2020-09-20 02:18:46.890 UTC,"b2bc_api","b2bc_dev",84533,"172.21.0.1:36094",5f66bc04.14a35,81,"SELECT",2020-09-20 02:18:44 UTC,4/11350,2047,LOG,00000,"execute fetch from <unnamed>/C_1: select * from enterprise_transaction_message_v order by ar_received_at, source_id",,,,,,,,,""
2020-09-20 02:18:46.890 UTC,"b2bc_api","b2bc_dev",84533,"172.21.0.1:36094",5f66bc04.14a35,82,"SELECT",2020-09-20 02:18:44 UTC,4/11350,2047,LOG,00000,"duration: 0.714 ms",,,,,,,,,""
2020-09-20 02:18:46.914 UTC,"b2bc_api","b2bc_dev",84533,"172.21.0.1:36094",5f66bc04.14a35,83,"SELECT",2020-09-20 02:18:44 UTC,4/11350,2047,LOG,00000,"execute fetch from <unnamed>/C_1: select * from enterprise_transaction_message_v order by ar_received_at, source_id",,,,,,,,,""
2020-09-20 02:18:46.915 UTC,"b2bc_api","b2bc_dev",84533,"172.21.0.1:36094",5f66bc04.14a35,84,"SELECT",2020-09-20 02:18:44 UTC,4/11350,2047,LOG,00000,"duration: 0.828 ms",,,,,,,,,""
2020-09-20 02:18:46.949 UTC,"b2bc_api","b2bc_dev",84533,"172.21.0.1:36094",5f66bc04.14a35,85,"SELECT",2020-09-20 02:18:44 UTC,4/11350,2047,LOG,00000,"execute fetch from <unnamed>/C_1: select * from enterprise_transaction_message_v order by ar_received_at, source_id",,,,,,,,,""
2020-09-20 02:18:46.949 UTC,"b2bc_api","b2bc_dev",84533,"172.21.0.1:36094",5f66bc04.14a35,86,"SELECT",2020-09-20 02:18:44 UTC,4/11350,2047,LOG,00000,"duration: 0.684 ms",,,,,,,,,""
2020-09-20 02:18:46.974 UTC,"b2bc_api","b2bc_dev",84533,"172.21.0.1:36094",5f66bc04.14a35,87,"SELECT",2020-09-20 02:18:44 UTC,4/11350,2047,LOG,00000,"execute fetch from <unnamed>/C_1: select * from enterprise_transaction_message_v order by ar_received_at, source_id",,,,,,,,,""
2020-09-20 02:18:46.976 UTC,"b2bc_api","b2bc_dev",84533,"172.21.0.1:36094",5f66bc04.14a35,88,"SELECT",2020-09-20 02:18:44 UTC,4/11350,2047,LOG,00000,"duration: 1.315 ms",,,,,,,,,""
2020-09-20 02:18:47.015 UTC,"b2bc_api","b2bc_dev",84533,"172.21.0.1:36094",5f66bc04.14a35,89,"SELECT",2020-09-20 02:18:44 UTC,4/11350,2047,LOG,00000,"execute fetch from <unnamed>/C_1: select * from enterprise_transaction_message_v order by ar_received_at, source_id",,,,,,,,,""
2020-09-20 02:18:47.016 UTC,"b2bc_api","b2bc_dev",84533,"172.21.0.1:36094",5f66bc04.14a35,90,"SELECT",2020-09-20 02:18:44 UTC,4/11350,2047,LOG,00000,"duration: 0.692 ms",,,,,,,,,""
2020-09-20 02:18:47.054 UTC,"b2bc_api","b2bc_dev",84533,"172.21.0.1:36094",5f66bc04.14a35,91,"SELECT",2020-09-20 02:18:44 UTC,4/11350,2047,LOG,00000,"execute fetch from <unnamed>/C_1: select * from enterprise_transaction_message_v order by ar_received_at, source_id",,,,,,,,,""
2020-09-20 02:18:47.055 UTC,"b2bc_api","b2bc_dev",84533,"172.21.0.1:36094",5f66bc04.14a35,92,"SELECT",2020-09-20 02:18:44 UTC,4/11350,2047,LOG,00000,"duration: 0.894 ms",,,,,,,,,""
2020-09-20 02:18:47.079 UTC,"b2bc_api","b2bc_dev",84533,"172.21.0.1:36094",5f66bc04.14a35,93,"SELECT",2020-09-20 02:18:44 UTC,4/11350,2047,LOG,00000,"execute fetch from <unnamed>/C_1: select * from enterprise_transaction_message_v order by ar_received_at, source_id",,,,,,,,,""
2020-09-20 02:18:47.079 UTC,"b2bc_api","b2bc_dev",84533,"172.21.0.1:36094",5f66bc04.14a35,94,"SELECT",2020-09-20 02:18:44 UTC,4/11350,2047,LOG,00000,"duration: 0.841 ms",,,,,,,,,""
2020-09-20 02:18:47.106 UTC,"b2bc_api","b2bc_dev",84533,"172.21.0.1:36094",5f66bc04.14a35,95,"SELECT",2020-09-20 02:18:44 UTC,4/11350,2047,LOG,00000,"execute fetch from <unnamed>/C_1: select * from enterprise_transaction_message_v order by ar_received_at, source_id",,,,,,,,,""
2020-09-20 02:18:47.107 UTC,"b2bc_api","b2bc_dev",84533,"172.21.0.1:36094",5f66bc04.14a35,96,"SELECT",2020-09-20 02:18:44 UTC,4/11350,2047,LOG,00000,"duration: 0.939 ms",,,,,,,,,""
2020-09-20 02:18:47.139 UTC,"b2bc_api","b2bc_dev",84533,"172.21.0.1:36094",5f66bc04.14a35,97,"SELECT",2020-09-20 02:18:44 UTC,4/11350,2047,LOG,00000,"execute fetch from <unnamed>/C_1: select * from enterprise_transaction_message_v order by ar_received_at, source_id",,,,,,,,,""
2020-09-20 02:18:47.140 UTC,"b2bc_api","b2bc_dev",84533,"172.21.0.1:36094",5f66bc04.14a35,98,"SELECT",2020-09-20 02:18:44 UTC,4/11350,2047,LOG,00000,"duration: 0.992 ms",,,,,,,,,""
2020-09-20 02:18:47.163 UTC,"b2bc_api","b2bc_dev",84533,"172.21.0.1:36094",5f66bc04.14a35,99,"SELECT",2020-09-20 02:18:44 UTC,4/11350,2047,LOG,00000,"execute fetch from <unnamed>/C_1: select * from enterprise_transaction_message_v order by ar_received_at, source_id",,,,,,,,,""
2020-09-20 02:18:47.164 UTC,"b2bc_api","b2bc_dev",84533,"172.21.0.1:36094",5f66bc04.14a35,100,"SELECT",2020-09-20 02:18:44 UTC,4/11350,2047,LOG,00000,"duration: 1.079 ms",,,,,,,,,""
2020-09-20 02:18:47.196 UTC,"b2bc_api","b2bc_dev",84533,"172.21.0.1:36094",5f66bc04.14a35,101,"SELECT",2020-09-20 02:18:44 UTC,4/11350,2047,LOG,00000,"execute fetch from <unnamed>/C_1: select * from enterprise_transaction_message_v order by ar_received_at, source_id",,,,,,,,,""
2020-09-20 02:18:47.197 UTC,"b2bc_api","b2bc_dev",84533,"172.21.0.1:36094",5f66bc04.14a35,102,"SELECT",2020-09-20 02:18:44 UTC,4/11350,2047,LOG,00000,"duration: 0.950 ms",,,,,,,,,""
2020-09-20 02:18:47.231 UTC,"b2bc_api","b2bc_dev",84533,"172.21.0.1:36094",5f66bc04.14a35,103,"SELECT",2020-09-20 02:18:44 UTC,4/11350,2047,LOG,00000,"execute fetch from <unnamed>/C_1: select * from enterprise_transaction_message_v order by ar_received_at, source_id",,,,,,,,,""
2020-09-20 02:18:47.232 UTC,"b2bc_api","b2bc_dev",84533,"172.21.0.1:36094",5f66bc04.14a35,104,"SELECT",2020-09-20 02:18:44 UTC,4/11350,2047,LOG,00000,"duration: 1.003 ms",,,,,,,,,""
2020-09-20 02:18:47.261 UTC,"b2bc_api","b2bc_dev",84533,"172.21.0.1:36094",5f66bc04.14a35,105,"SELECT",2020-09-20 02:18:44 UTC,4/11350,2047,LOG,00000,"execute fetch from <unnamed>/C_1: select * from enterprise_transaction_message_v order by ar_received_at, source_id",,,,,,,,,""
2020-09-20 02:18:47.262 UTC,"b2bc_api","b2bc_dev",84533,"172.21.0.1:36094",5f66bc04.14a35,106,"SELECT",2020-09-20 02:18:44 UTC,4/11350,2047,LOG,00000,"duration: 0.831 ms",,,,,,,,,""
2020-09-20 02:18:47.287 UTC,"b2bc_api","b2bc_dev",84533,"172.21.0.1:36094",5f66bc04.14a35,107,"SELECT",2020-09-20 02:18:44 UTC,4/11350,2047,LOG,00000,"execute fetch from <unnamed>/C_1: select * from enterprise_transaction_message_v order by ar_received_at, source_id",,,,,,,,,""
2020-09-20 02:18:47.288 UTC,"b2bc_api","b2bc_dev",84533,"172.21.0.1:36094",5f66bc04.14a35,108,"SELECT",2020-09-20 02:18:44 UTC,4/11350,2047,LOG,00000,"duration: 0.613 ms",,,,,,,,,""
2020-09-20 02:18:47.312 UTC,"b2bc_api","b2bc_dev",84533,"172.21.0.1:36094",5f66bc04.14a35,109,"SELECT",2020-09-20 02:18:44 UTC,4/11350,2047,LOG,00000,"execute fetch from <unnamed>/C_1: select * from enterprise_transaction_message_v order by ar_received_at, source_id",,,,,,,,,""
2020-09-20 02:18:47.313 UTC,"b2bc_api","b2bc_dev",84533,"172.21.0.1:36094",5f66bc04.14a35,110,"SELECT",2020-09-20 02:18:44 UTC,4/11350,2047,LOG,00000,"duration: 0.950 ms",,,,,,,,,""
2020-09-20 02:18:47.349 UTC,"b2bc_api","b2bc_dev",84533,"172.21.0.1:36094",5f66bc04.14a35,111,"SELECT",2020-09-20 02:18:44 UTC,4/11350,2047,LOG,00000,"execute fetch from <unnamed>/C_1: select * from enterprise_transaction_message_v order by ar_received_at, source_id",,,,,,,,,""
2020-09-20 02:18:47.355 UTC,"b2bc_api","b2bc_dev",84533,"172.21.0.1:36094",5f66bc04.14a35,112,"SELECT",2020-09-20 02:18:44 UTC,4/11350,2047,LOG,00000,"duration: 5.987 ms",,,,,,,,,""
2020-09-20 02:18:47.408 UTC,"b2bc_api","b2bc_dev",84533,"172.21.0.1:36094",5f66bc04.14a35,113,"SELECT",2020-09-20 02:18:44 UTC,4/11350,2047,LOG,00000,"execute fetch from <unnamed>/C_1: select * from enterprise_transaction_message_v order by ar_received_at, source_id",,,,,,,,,""
2020-09-20 02:18:47.415 UTC,"b2bc_api","b2bc_dev",84533,"172.21.0.1:36094",5f66bc04.14a35,114,"SELECT",2020-09-20 02:18:44 UTC,4/11350,2047,LOG,00000,"duration: 6.623 ms",,,,,,,,,""
2020-09-20 02:18:47.482 UTC,"b2bc_api","b2bc_dev",84533,"172.21.0.1:36094",5f66bc04.14a35,115,"SELECT",2020-09-20 02:18:44 UTC,4/11350,2047,LOG,00000,"execute fetch from <unnamed>/C_1: select * from enterprise_transaction_message_v order by ar_received_at, source_id",,,,,,,,,""
2020-09-20 02:18:47.483 UTC,"b2bc_api","b2bc_dev",84533,"172.21.0.1:36094",5f66bc04.14a35,116,"SELECT",2020-09-20 02:18:44 UTC,4/11350,2047,LOG,00000,"duration: 1.260 ms",,,,,,,,,""
2020-09-20 02:18:47.534 UTC,"b2bc_api","b2bc_dev",84533,"172.21.0.1:36094",5f66bc04.14a35,117,"SELECT",2020-09-20 02:18:44 UTC,4/11350,2047,LOG,00000,"execute fetch from <unnamed>/C_1: select * from enterprise_transaction_message_v order by ar_received_at, source_id",,,,,,,,,""
2020-09-20 02:18:47.535 UTC,"b2bc_api","b2bc_dev",84533,"172.21.0.1:36094",5f66bc04.14a35,118,"SELECT",2020-09-20 02:18:44 UTC,4/11350,2047,LOG,00000,"duration: 0.878 ms",,,,,,,,,""
2020-09-20 02:18:47.594 UTC,"b2bc_api","b2bc_dev",84533,"172.21.0.1:36094",5f66bc04.14a35,119,"SELECT",2020-09-20 02:18:44 UTC,4/11350,2047,LOG,00000,"execute fetch from <unnamed>/C_1: select * from enterprise_transaction_message_v order by ar_received_at, source_id",,,,,,,,,""
2020-09-20 02:18:47.608 UTC,,,84542,"172.21.0.1:36106",5f66bc07.14a3e,1,"",2020-09-20 02:18:47 UTC,,0,LOG,00000,"connection received: host=172.21.0.1 port=36106",,,,,,,,,""
2020-09-20 02:18:47.608 UTC,"b2bc_api","b2bc_dev",84533,"172.21.0.1:36094",5f66bc04.14a35,120,"SELECT",2020-09-20 02:18:44 UTC,4/11350,2047,LOG,00000,"duration: 14.242 ms",,,,,,,,,""
2020-09-20 02:18:47.643 UTC,"b2bc_api","b2bc_dev",84542,"172.21.0.1:36106",5f66bc07.14a3e,2,"authentication",2020-09-20 02:18:47 UTC,5/11,0,LOG,00000,"connection authorized: user=b2bc_api database=b2bc_dev",,,,,,,,,""
2020-09-20 02:18:47.643 UTC,"b2bc_api","b2bc_dev",84533,"172.21.0.1:36094",5f66bc04.14a35,121,"SELECT",2020-09-20 02:18:44 UTC,4/11350,2047,LOG,00000,"execute fetch from <unnamed>/C_1: select * from enterprise_transaction_message_v order by ar_received_at, source_id",,,,,,,,,""
2020-09-20 02:18:47.650 UTC,"b2bc_api","b2bc_dev",84542,"172.21.0.1:36106",5f66bc07.14a3e,3,"idle",2020-09-20 02:18:47 UTC,5/12,0,LOG,00000,"statement:
            select  format('%s.%s', to_hex(trunc(extract(epoch from backend_start))::int), to_hex(pid)) as sid
            from    pg_stat_activity
            where   pid = pg_backend_pid()",,,,,,,,,""
2020-09-20 02:18:47.658 UTC,"b2bc_api","b2bc_dev",84542,"172.21.0.1:36106",5f66bc07.14a3e,4,"SELECT",2020-09-20 02:18:47 UTC,5/0,0,LOG,00000,"duration: 8.182 ms",,,,,,,,,""
2020-09-20 02:18:47.661 UTC,"b2bc_api","b2bc_dev",84542,"172.21.0.1:36106",5f66bc07.14a3e,5,"PARSE",2020-09-20 02:18:47 UTC,5/13,0,LOG,00000,"duration: 0.487 ms  parse <unnamed>:
insert
into    public.scheduler_pod_heartbeat(pod_id, heartbeat_ts)
values  ($1, now())
    on conflict on constraint scheduler_pod_heartbeat_pkey
        do update set heartbeat_ts = now()",,,,,,,,,""
2020-09-20 02:18:47.661 UTC,"b2bc_api","b2bc_dev",84542,"172.21.0.1:36106",5f66bc07.14a3e,6,"BIND",2020-09-20 02:18:47 UTC,5/13,0,LOG,00000,"duration: 0.507 ms  bind <unnamed>:
insert
into    public.scheduler_pod_heartbeat(pod_id, heartbeat_ts)
values  ($1, now())
    on conflict on constraint scheduler_pod_heartbeat_pkey
        do update set heartbeat_ts = now()","parameters: $1 = '8ff54ace-9afc-4de2-a71e-910f5039dcf3'",,,,,,,,""
2020-09-20 02:18:47.661 UTC,"b2bc_api","b2bc_dev",84542,"172.21.0.1:36106",5f66bc07.14a3e,7,"INSERT",2020-09-20 02:18:47 UTC,5/13,0,LOG,00000,"execute <unnamed>:
insert
into    public.scheduler_pod_heartbeat(pod_id, heartbeat_ts)
values  ($1, now())
    on conflict on constraint scheduler_pod_heartbeat_pkey
        do update set heartbeat_ts = now()","parameters: $1 = '8ff54ace-9afc-4de2-a71e-910f5039dcf3'",,,,,,,,""
2020-09-20 02:18:47.662 UTC,"b2bc_api","b2bc_dev",84542,"172.21.0.1:36106",5f66bc07.14a3e,8,"INSERT",2020-09-20 02:18:47 UTC,5/13,2051,LOG,00000,"duration: 0.785 ms",,,,,,,,,""
2020-09-20 02:18:47.672 UTC,"b2bc_api","b2bc_dev",84533,"172.21.0.1:36094",5f66bc04.14a35,122,"SELECT",2020-09-20 02:18:44 UTC,4/11350,2047,LOG,00000,"duration: 28.732 ms",,,,,,,,,""
2020-09-20 02:18:47.723 UTC,"b2bc_api","b2bc_dev",84533,"172.21.0.1:36094",5f66bc04.14a35,123,"SELECT",2020-09-20 02:18:44 UTC,4/11350,2047,LOG,00000,"execute fetch from <unnamed>/C_1: select * from enterprise_transaction_message_v order by ar_received_at, source_id",,,,,,,,,""
2020-09-20 02:18:47.724 UTC,"b2bc_api","b2bc_dev",84533,"172.21.0.1:36094",5f66bc04.14a35,124,"SELECT",2020-09-20 02:18:44 UTC,4/11350,2047,LOG,00000,"duration: 0.812 ms",,,,,,,,,""
2020-09-20 02:18:47.760 UTC,"b2bc_api","b2bc_dev",84533,"172.21.0.1:36094",5f66bc04.14a35,125,"SELECT",2020-09-20 02:18:44 UTC,4/11350,2047,LOG,00000,"execute fetch from <unnamed>/C_1: select * from enterprise_transaction_message_v order by ar_received_at, source_id",,,,,,,,,""
2020-09-20 02:18:47.761 UTC,"b2bc_api","b2bc_dev",84533,"172.21.0.1:36094",5f66bc04.14a35,126,"SELECT",2020-09-20 02:18:44 UTC,4/11350,2047,LOG,00000,"duration: 0.597 ms",,,,,,,,,""
2020-09-20 02:18:47.785 UTC,"b2bc_api","b2bc_dev",84533,"172.21.0.1:36094",5f66bc04.14a35,127,"SELECT",2020-09-20 02:18:44 UTC,4/11350,2047,LOG,00000,"execute fetch from <unnamed>/C_1: select * from enterprise_transaction_message_v order by ar_received_at, source_id",,,,,,,,,""
2020-09-20 02:18:47.786 UTC,"b2bc_api","b2bc_dev",84533,"172.21.0.1:36094",5f66bc04.14a35,128,"SELECT",2020-09-20 02:18:44 UTC,4/11350,2047,LOG,00000,"duration: 0.775 ms",,,,,,,,,""
2020-09-20 02:18:47.811 UTC,"b2bc_api","b2bc_dev",84533,"172.21.0.1:36094",5f66bc04.14a35,129,"SELECT",2020-09-20 02:18:44 UTC,4/11350,2047,LOG,00000,"execute fetch from <unnamed>/C_1: select * from enterprise_transaction_message_v order by ar_received_at, source_id",,,,,,,,,""
2020-09-20 02:18:47.812 UTC,"b2bc_api","b2bc_dev",84533,"172.21.0.1:36094",5f66bc04.14a35,130,"SELECT",2020-09-20 02:18:44 UTC,4/11350,2047,LOG,00000,"duration: 0.717 ms",,,,,,,,,""
2020-09-20 02:18:47.840 UTC,"b2bc_api","b2bc_dev",84533,"172.21.0.1:36094",5f66bc04.14a35,131,"SELECT",2020-09-20 02:18:44 UTC,4/11350,2047,LOG,00000,"execute fetch from <unnamed>/C_1: select * from enterprise_transaction_message_v order by ar_received_at, source_id",,,,,,,,,""
2020-09-20 02:18:47.842 UTC,"b2bc_api","b2bc_dev",84533,"172.21.0.1:36094",5f66bc04.14a35,132,"SELECT",2020-09-20 02:18:44 UTC,4/11350,2047,LOG,00000,"duration: 1.252 ms",,,,,,,,,""
2020-09-20 02:18:47.874 UTC,"b2bc_api","b2bc_dev",84533,"172.21.0.1:36094",5f66bc04.14a35,133,"SELECT",2020-09-20 02:18:44 UTC,4/11350,2047,LOG,00000,"execute fetch from <unnamed>/C_1: select * from enterprise_transaction_message_v order by ar_received_at, source_id",,,,,,,,,""
2020-09-20 02:18:47.875 UTC,"b2bc_api","b2bc_dev",84533,"172.21.0.1:36094",5f66bc04.14a35,134,"SELECT",2020-09-20 02:18:44 UTC,4/11350,2047,LOG,00000,"duration: 0.910 ms",,,,,,,,,""
2020-09-20 02:18:47.901 UTC,"b2bc_api","b2bc_dev",84533,"172.21.0.1:36094",5f66bc04.14a35,135,"SELECT",2020-09-20 02:18:44 UTC,4/11350,2047,LOG,00000,"execute fetch from <unnamed>/C_1: select * from enterprise_transaction_message_v order by ar_received_at, source_id",,,,,,,,,""
2020-09-20 02:18:47.902 UTC,"b2bc_api","b2bc_dev",84533,"172.21.0.1:36094",5f66bc04.14a35,136,"SELECT",2020-09-20 02:18:44 UTC,4/11350,2047,LOG,00000,"duration: 0.772 ms",,,,,,,,,""
2020-09-20 02:18:47.929 UTC,"b2bc_api","b2bc_dev",84533,"172.21.0.1:36094",5f66bc04.14a35,137,"SELECT",2020-09-20 02:18:44 UTC,4/11350,2047,LOG,00000,"execute fetch from <unnamed>/C_1: select * from enterprise_transaction_message_v order by ar_received_at, source_id",,,,,,,,,""
2020-09-20 02:18:47.930 UTC,"b2bc_api","b2bc_dev",84533,"172.21.0.1:36094",5f66bc04.14a35,138,"SELECT",2020-09-20 02:18:44 UTC,4/11350,2047,LOG,00000,"duration: 0.650 ms",,,,,,,,,""
2020-09-20 02:18:47.977 UTC,"b2bc_api","b2bc_dev",84533,"172.21.0.1:36094",5f66bc04.14a35,139,"SELECT",2020-09-20 02:18:44 UTC,4/11350,2047,LOG,00000,"execute fetch from <unnamed>/C_1: select * from enterprise_transaction_message_v order by ar_received_at, source_id",,,,,,,,,""
2020-09-20 02:18:47.977 UTC,"b2bc_api","b2bc_dev",84533,"172.21.0.1:36094",5f66bc04.14a35,140,"SELECT",2020-09-20 02:18:44 UTC,4/11350,2047,LOG,00000,"duration: 0.488 ms",,,,,,,,,""
2020-09-20 02:18:48.014 UTC,"b2bc_api","b2bc_dev",84533,"172.21.0.1:36094",5f66bc04.14a35,141,"SELECT",2020-09-20 02:18:44 UTC,4/11350,2047,LOG,00000,"execute fetch from <unnamed>/C_1: select * from enterprise_transaction_message_v order by ar_received_at, source_id",,,,,,,,,""
2020-09-20 02:18:48.015 UTC,"b2bc_api","b2bc_dev",84533,"172.21.0.1:36094",5f66bc04.14a35,142,"SELECT",2020-09-20 02:18:44 UTC,4/11350,2047,LOG,00000,"duration: 0.604 ms",,,,,,,,,""
2020-09-20 02:18:48.055 UTC,"b2bc_api","b2bc_dev",84533,"172.21.0.1:36094",5f66bc04.14a35,143,"SELECT",2020-09-20 02:18:44 UTC,4/11350,2047,LOG,00000,"execute fetch from <unnamed>/C_1: select * from enterprise_transaction_message_v order by ar_received_at, source_id",,,,,,,,,""
2020-09-20 02:18:48.083 UTC,"b2bc_api","b2bc_dev",84533,"172.21.0.1:36094",5f66bc04.14a35,144,"SELECT",2020-09-20 02:18:44 UTC,4/11350,2047,LOG,00000,"duration: 28.068 ms",,,,,,,,,""
2020-09-20 02:18:48.111 UTC,"b2bc_api","b2bc_dev",84533,"172.21.0.1:36094",5f66bc04.14a35,145,"SELECT",2020-09-20 02:18:44 UTC,4/11350,2047,LOG,00000,"execute fetch from <unnamed>/C_1: select * from enterprise_transaction_message_v order by ar_received_at, source_id",,,,,,,,,""
2020-09-20 02:18:48.126 UTC,"b2bc_api","b2bc_dev",84533,"172.21.0.1:36094",5f66bc04.14a35,146,"SELECT",2020-09-20 02:18:44 UTC,4/11350,2047,LOG,00000,"duration: 14.795 ms",,,,,,,,,""
2020-09-20 02:18:48.144 UTC,"b2bc_api","b2bc_dev",84533,"172.21.0.1:36094",5f66bc04.14a35,147,"SELECT",2020-09-20 02:18:44 UTC,4/11350,2047,LOG,00000,"execute fetch from <unnamed>/C_1: select * from enterprise_transaction_message_v order by ar_received_at, source_id",,,,,,,,,""
2020-09-20 02:18:48.158 UTC,"b2bc_api","b2bc_dev",84533,"172.21.0.1:36094",5f66bc04.14a35,148,"SELECT",2020-09-20 02:18:44 UTC,4/11350,2047,LOG,00000,"duration: 13.835 ms",,,,,,,,,""
2020-09-20 02:18:48.190 UTC,"b2bc_api","b2bc_dev",84542,"172.21.0.1:36106",5f66bc07.14a3e,9,"idle",2020-09-20 02:18:47 UTC,,0,LOG,00000,"disconnection: session time: 0:00:00.581 user=b2bc_api database=b2bc_dev host=172.21.0.1 port=36106",,,,,,,,,""
2020-09-20 02:18:48.191 UTC,"b2bc_api","b2bc_dev",84533,"172.21.0.1:36094",5f66bc04.14a35,149,"SELECT",2020-09-20 02:18:44 UTC,4/11350,2047,LOG,00000,"execute fetch from <unnamed>/C_1: select * from enterprise_transaction_message_v order by ar_received_at, source_id",,,,,,,,,""
2020-09-20 02:18:48.209 UTC,"b2bc_api","b2bc_dev",84533,"172.21.0.1:36094",5f66bc04.14a35,150,"SELECT",2020-09-20 02:18:44 UTC,4/11350,2047,LOG,00000,"duration: 17.764 ms",,,,,,,,,""
2020-09-20 02:18:48.227 UTC,"b2bc_api","b2bc_dev",84533,"172.21.0.1:36094",5f66bc04.14a35,151,"SELECT",2020-09-20 02:18:44 UTC,4/11350,2047,LOG,00000,"execute fetch from <unnamed>/C_1: select * from enterprise_transaction_message_v order by ar_received_at, source_id",,,,,,,,,""
2020-09-20 02:18:48.240 UTC,"b2bc_api","b2bc_dev",84533,"172.21.0.1:36094",5f66bc04.14a35,152,"SELECT",2020-09-20 02:18:44 UTC,4/11350,2047,LOG,00000,"duration: 12.980 ms",,,,,,,,,""
2020-09-20 02:18:48.262 UTC,"b2bc_api","b2bc_dev",84533,"172.21.0.1:36094",5f66bc04.14a35,153,"SELECT",2020-09-20 02:18:44 UTC,4/11350,2047,LOG,00000,"execute fetch from <unnamed>/C_1: select * from enterprise_transaction_message_v order by ar_received_at, source_id",,,,,,,,,""
2020-09-20 02:18:48.272 UTC,"b2bc_api","b2bc_dev",84533,"172.21.0.1:36094",5f66bc04.14a35,154,"SELECT",2020-09-20 02:18:44 UTC,4/11350,2047,LOG,00000,"duration: 9.931 ms",,,,,,,,,""
2020-09-20 02:18:48.300 UTC,"b2bc_api","b2bc_dev",84533,"172.21.0.1:36094",5f66bc04.14a35,155,"SELECT",2020-09-20 02:18:44 UTC,4/11350,2047,LOG,00000,"execute fetch from <unnamed>/C_1: select * from enterprise_transaction_message_v order by ar_received_at, source_id",,,,,,,,,""
2020-09-20 02:18:48.312 UTC,"b2bc_api","b2bc_dev",84533,"172.21.0.1:36094",5f66bc04.14a35,156,"SELECT",2020-09-20 02:18:44 UTC,4/11350,2047,LOG,00000,"duration: 12.238 ms",,,,,,,,,""
2020-09-20 02:18:48.331 UTC,"b2bc_api","b2bc_dev",84533,"172.21.0.1:36094",5f66bc04.14a35,157,"SELECT",2020-09-20 02:18:44 UTC,4/11350,2047,LOG,00000,"execute fetch from <unnamed>/C_1: select * from enterprise_transaction_message_v order by ar_received_at, source_id",,,,,,,,,""
2020-09-20 02:18:48.338 UTC,"b2bc_api","b2bc_dev",84533,"172.21.0.1:36094",5f66bc04.14a35,158,"SELECT",2020-09-20 02:18:44 UTC,4/11350,2047,LOG,00000,"duration: 7.389 ms",,,,,,,,,""
2020-09-20 02:18:48.358 UTC,"b2bc_api","b2bc_dev",84533,"172.21.0.1:36094",5f66bc04.14a35,159,"SELECT",2020-09-20 02:18:44 UTC,4/11350,2047,LOG,00000,"execute fetch from <unnamed>/C_1: select * from enterprise_transaction_message_v order by ar_received_at, source_id",,,,,,,,,""
2020-09-20 02:18:48.372 UTC,"b2bc_api","b2bc_dev",84533,"172.21.0.1:36094",5f66bc04.14a35,160,"SELECT",2020-09-20 02:18:44 UTC,4/11350,2047,LOG,00000,"duration: 13.232 ms",,,,,,,,,""
2020-09-20 02:18:48.396 UTC,"b2bc_api","b2bc_dev",84533,"172.21.0.1:36094",5f66bc04.14a35,161,"SELECT",2020-09-20 02:18:44 UTC,4/11350,2047,LOG,00000,"execute fetch from <unnamed>/C_1: select * from enterprise_transaction_message_v order by ar_received_at, source_id",,,,,,,,,""
2020-09-20 02:18:48.408 UTC,"b2bc_api","b2bc_dev",84533,"172.21.0.1:36094",5f66bc04.14a35,162,"SELECT",2020-09-20 02:18:44 UTC,4/11350,2047,LOG,00000,"duration: 11.114 ms",,,,,,,,,""
2020-09-20 02:18:48.433 UTC,"b2bc_api","b2bc_dev",84533,"172.21.0.1:36094",5f66bc04.14a35,163,"SELECT",2020-09-20 02:18:44 UTC,4/11350,2047,LOG,00000,"execute fetch from <unnamed>/C_1: select * from enterprise_transaction_message_v order by ar_received_at, source_id",,,,,,,,,""
2020-09-20 02:18:48.441 UTC,"b2bc_api","b2bc_dev",84533,"172.21.0.1:36094",5f66bc04.14a35,164,"SELECT",2020-09-20 02:18:44 UTC,4/11350,2047,LOG,00000,"duration: 8.502 ms",,,,,,,,,""
2020-09-20 02:18:48.461 UTC,"b2bc_api","b2bc_dev",84533,"172.21.0.1:36094",5f66bc04.14a35,165,"SELECT",2020-09-20 02:18:44 UTC,4/11350,2047,LOG,00000,"execute fetch from <unnamed>/C_1: select * from enterprise_transaction_message_v order by ar_received_at, source_id",,,,,,,,,""
2020-09-20 02:18:48.475 UTC,"b2bc_api","b2bc_dev",84533,"172.21.0.1:36094",5f66bc04.14a35,166,"SELECT",2020-09-20 02:18:44 UTC,4/11350,2047,LOG,00000,"duration: 13.308 ms",,,,,,,,,""
2020-09-20 02:18:48.511 UTC,"b2bc_api","b2bc_dev",84533,"172.21.0.1:36094",5f66bc04.14a35,167,"SELECT",2020-09-20 02:18:44 UTC,4/11350,2047,LOG,00000,"execute fetch from <unnamed>/C_1: select * from enterprise_transaction_message_v order by ar_received_at, source_id",,,,,,,,,""
2020-09-20 02:18:48.512 UTC,"b2bc_api","b2bc_dev",84533,"172.21.0.1:36094",5f66bc04.14a35,168,"SELECT",2020-09-20 02:18:44 UTC,4/11350,2047,LOG,00000,"duration: 0.784 ms",,,,,,,,,""
2020-09-20 02:18:48.521 UTC,,,84549,"172.21.0.1:36110",5f66bc08.14a45,1,"",2020-09-20 02:18:48 UTC,,0,LOG,00000,"connection received: host=172.21.0.1 port=36110",,,,,,,,,""
2020-09-20 02:18:48.546 UTC,"b2bc_api","b2bc_dev",84549,"172.21.0.1:36110",5f66bc08.14a45,2,"authentication",2020-09-20 02:18:48 UTC,5/14,0,LOG,00000,"connection authorized: user=b2bc_api database=b2bc_dev",,,,,,,,,""
2020-09-20 02:18:48.547 UTC,"b2bc_api","b2bc_dev",84533,"172.21.0.1:36094",5f66bc04.14a35,169,"SELECT",2020-09-20 02:18:44 UTC,4/11350,2047,LOG,00000,"execute fetch from <unnamed>/C_1: select * from enterprise_transaction_message_v order by ar_received_at, source_id",,,,,,,,,""
2020-09-20 02:18:48.547 UTC,"b2bc_api","b2bc_dev",84533,"172.21.0.1:36094",5f66bc04.14a35,170,"SELECT",2020-09-20 02:18:44 UTC,4/11350,2047,LOG,00000,"duration: 0.463 ms",,,,,,,,,""
2020-09-20 02:18:48.561 UTC,"b2bc_api","b2bc_dev",84549,"172.21.0.1:36110",5f66bc08.14a45,3,"idle",2020-09-20 02:18:48 UTC,5/15,0,LOG,00000,"statement:
            select  format('%s.%s', to_hex(trunc(extract(epoch from backend_start))::int), to_hex(pid)) as sid
            from    pg_stat_activity
            where   pid = pg_backend_pid()",,,,,,,,,""
2020-09-20 02:18:48.564 UTC,"b2bc_api","b2bc_dev",84549,"172.21.0.1:36110",5f66bc08.14a45,4,"SELECT",2020-09-20 02:18:48 UTC,5/0,0,LOG,00000,"duration: 3.203 ms",,,,,,,,,""
2020-09-20 02:18:48.578 UTC,"b2bc_api","b2bc_dev",84533,"172.21.0.1:36094",5f66bc04.14a35,171,"SELECT",2020-09-20 02:18:44 UTC,4/11350,2047,LOG,00000,"execute fetch from <unnamed>/C_1: select * from enterprise_transaction_message_v order by ar_received_at, source_id",,,,,,,,,""
2020-09-20 02:18:48.584 UTC,"b2bc_api","b2bc_dev",84533,"172.21.0.1:36094",5f66bc04.14a35,172,"SELECT",2020-09-20 02:18:44 UTC,4/11350,2047,LOG,00000,"duration: 5.851 ms",,,,,,,,,""
2020-09-20 02:18:48.592 UTC,"b2bc_api","b2bc_dev",84549,"172.21.0.1:36110",5f66bc08.14a45,5,"PARSE",2020-09-20 02:18:48 UTC,5/16,0,LOG,00000,"duration: 1.604 ms  parse <unnamed>: delete from public.pod_cache_clear_request where pod_id = $1 returning *",,,,,,,,,""
2020-09-20 02:18:48.595 UTC,"b2bc_api","b2bc_dev",84549,"172.21.0.1:36110",5f66bc08.14a45,6,"BIND",2020-09-20 02:18:48 UTC,5/16,0,LOG,00000,"duration: 0.648 ms  bind <unnamed>: delete from public.pod_cache_clear_request where pod_id = $1 returning *","parameters: $1 = '8ff54ace-9afc-4de2-a71e-910f5039dcf3'",,,,,,,,""
2020-09-20 02:18:48.595 UTC,"b2bc_api","b2bc_dev",84549,"172.21.0.1:36110",5f66bc08.14a45,7,"DELETE",2020-09-20 02:18:48 UTC,5/16,0,LOG,00000,"execute <unnamed>: delete from public.pod_cache_clear_request where pod_id = $1 returning *","parameters: $1 = '8ff54ace-9afc-4de2-a71e-910f5039dcf3'",,,,,,,,""
2020-09-20 02:18:48.595 UTC,"b2bc_api","b2bc_dev",84549,"172.21.0.1:36110",5f66bc08.14a45,8,"DELETE",2020-09-20 02:18:48 UTC,5/16,0,LOG,00000,"duration: 0.120 ms",,,,,,,,,""
2020-09-20 02:18:48.617 UTC,"b2bc_api","b2bc_dev",84533,"172.21.0.1:36094",5f66bc04.14a35,173,"SELECT",2020-09-20 02:18:44 UTC,4/11350,2047,LOG,00000,"execute fetch from <unnamed>/C_1: select * from enterprise_transaction_message_v order by ar_received_at, source_id",,,,,,,,,""
2020-09-20 02:18:48.617 UTC,"b2bc_api","b2bc_dev",84533,"172.21.0.1:36094",5f66bc04.14a35,174,"SELECT",2020-09-20 02:18:44 UTC,4/11350,2047,LOG,00000,"duration: 0.608 ms",,,,,,,,,""
2020-09-20 02:18:48.658 UTC,"b2bc_api","b2bc_dev",84533,"172.21.0.1:36094",5f66bc04.14a35,175,"SELECT",2020-09-20 02:18:44 UTC,4/11350,2047,LOG,00000,"execute fetch from <unnamed>/C_1: select * from enterprise_transaction_message_v order by ar_received_at, source_id",,,,,,,,,""
2020-09-20 02:18:48.659 UTC,"b2bc_api","b2bc_dev",84533,"172.21.0.1:36094",5f66bc04.14a35,176,"SELECT",2020-09-20 02:18:44 UTC,4/11350,2047,LOG,00000,"duration: 0.900 ms",,,,,,,,,""
2020-09-20 02:18:48.676 UTC,"b2bc_api","b2bc_dev",84533,"172.21.0.1:36094",5f66bc04.14a35,177,"SELECT",2020-09-20 02:18:44 UTC,4/11350,2047,LOG,00000,"execute fetch from <unnamed>/C_1: select * from enterprise_transaction_message_v order by ar_received_at, source_id",,,,,,,,,""
2020-09-20 02:18:48.677 UTC,"b2bc_api","b2bc_dev",84533,"172.21.0.1:36094",5f66bc04.14a35,178,"SELECT",2020-09-20 02:18:44 UTC,4/11350,2047,LOG,00000,"duration: 0.575 ms",,,,,,,,,""
2020-09-20 02:18:48.709 UTC,"b2bc_api","b2bc_dev",84533,"172.21.0.1:36094",5f66bc04.14a35,179,"SELECT",2020-09-20 02:18:44 UTC,4/11350,2047,LOG,00000,"execute fetch from <unnamed>/C_1: select * from enterprise_transaction_message_v order by ar_received_at, source_id",,,,,,,,,""
2020-09-20 02:18:48.709 UTC,"b2bc_api","b2bc_dev",84533,"172.21.0.1:36094",5f66bc04.14a35,180,"SELECT",2020-09-20 02:18:44 UTC,4/11350,2047,LOG,00000,"duration: 0.495 ms",,,,,,,,,""
2020-09-20 02:18:48.739 UTC,"b2bc_api","b2bc_dev",84533,"172.21.0.1:36094",5f66bc04.14a35,181,"SELECT",2020-09-20 02:18:44 UTC,4/11350,2047,LOG,00000,"execute fetch from <unnamed>/C_1: select * from enterprise_transaction_message_v order by ar_received_at, source_id",,,,,,,,,""
2020-09-20 02:18:48.741 UTC,"b2bc_api","b2bc_dev",84533,"172.21.0.1:36094",5f66bc04.14a35,182,"SELECT",2020-09-20 02:18:44 UTC,4/11350,2047,LOG,00000,"duration: 1.664 ms",,,,,,,,,""
2020-09-20 02:18:48.768 UTC,"b2bc_api","b2bc_dev",84533,"172.21.0.1:36094",5f66bc04.14a35,183,"SELECT",2020-09-20 02:18:44 UTC,4/11350,2047,LOG,00000,"execute fetch from <unnamed>/C_1: select * from enterprise_transaction_message_v order by ar_received_at, source_id",,,,,,,,,""
2020-09-20 02:18:48.769 UTC,"b2bc_api","b2bc_dev",84533,"172.21.0.1:36094",5f66bc04.14a35,184,"SELECT",2020-09-20 02:18:44 UTC,4/11350,2047,LOG,00000,"duration: 0.684 ms",,,,,,,,,""
2020-09-20 02:18:48.802 UTC,"b2bc_api","b2bc_dev",84533,"172.21.0.1:36094",5f66bc04.14a35,185,"SELECT",2020-09-20 02:18:44 UTC,4/11350,2047,LOG,00000,"execute fetch from <unnamed>/C_1: select * from enterprise_transaction_message_v order by ar_received_at, source_id",,,,,,,,,""
2020-09-20 02:18:48.803 UTC,"b2bc_api","b2bc_dev",84533,"172.21.0.1:36094",5f66bc04.14a35,186,"SELECT",2020-09-20 02:18:44 UTC,4/11350,2047,LOG,00000,"duration: 0.464 ms",,,,,,,,,""
2020-09-20 02:18:48.831 UTC,"b2bc_api","b2bc_dev",84533,"172.21.0.1:36094",5f66bc04.14a35,187,"SELECT",2020-09-20 02:18:44 UTC,4/11350,2047,LOG,00000,"execute fetch from <unnamed>/C_1: select * from enterprise_transaction_message_v order by ar_received_at, source_id",,,,,,,,,""
2020-09-20 02:18:48.832 UTC,"b2bc_api","b2bc_dev",84533,"172.21.0.1:36094",5f66bc04.14a35,188,"SELECT",2020-09-20 02:18:44 UTC,4/11350,2047,LOG,00000,"duration: 0.657 ms",,,,,,,,,""
2020-09-20 02:18:48.853 UTC,"b2bc_api","b2bc_dev",84533,"172.21.0.1:36094",5f66bc04.14a35,189,"SELECT",2020-09-20 02:18:44 UTC,4/11350,2047,LOG,00000,"execute fetch from <unnamed>/C_1: select * from enterprise_transaction_message_v order by ar_received_at, source_id",,,,,,,,,""
2020-09-20 02:18:48.853 UTC,"b2bc_api","b2bc_dev",84533,"172.21.0.1:36094",5f66bc04.14a35,190,"SELECT",2020-09-20 02:18:44 UTC,4/11350,2047,LOG,00000,"duration: 0.499 ms",,,,,,,,,""
2020-09-20 02:18:48.873 UTC,"b2bc_api","b2bc_dev",84533,"172.21.0.1:36094",5f66bc04.14a35,191,"SELECT",2020-09-20 02:18:44 UTC,4/11350,2047,LOG,00000,"execute fetch from <unnamed>/C_1: select * from enterprise_transaction_message_v order by ar_received_at, source_id",,,,,,,,,""
2020-09-20 02:18:48.874 UTC,"b2bc_api","b2bc_dev",84533,"172.21.0.1:36094",5f66bc04.14a35,192,"SELECT",2020-09-20 02:18:44 UTC,4/11350,2047,LOG,00000,"duration: 0.623 ms",,,,,,,,,""
2020-09-20 02:18:48.896 UTC,"b2bc_api","b2bc_dev",84533,"172.21.0.1:36094",5f66bc04.14a35,193,"SELECT",2020-09-20 02:18:44 UTC,4/11350,2047,LOG,00000,"execute fetch from <unnamed>/C_1: select * from enterprise_transaction_message_v order by ar_received_at, source_id",,,,,,,,,""
2020-09-20 02:18:48.897 UTC,"b2bc_api","b2bc_dev",84533,"172.21.0.1:36094",5f66bc04.14a35,194,"SELECT",2020-09-20 02:18:44 UTC,4/11350,2047,LOG,00000,"duration: 0.609 ms",,,,,,,,,""
2020-09-20 02:18:48.930 UTC,"b2bc_api","b2bc_dev",84533,"172.21.0.1:36094",5f66bc04.14a35,195,"SELECT",2020-09-20 02:18:44 UTC,4/11350,2047,LOG,00000,"execute fetch from <unnamed>/C_1: select * from enterprise_transaction_message_v order by ar_received_at, source_id",,,,,,,,,""
2020-09-20 02:18:48.931 UTC,"b2bc_api","b2bc_dev",84533,"172.21.0.1:36094",5f66bc04.14a35,196,"SELECT",2020-09-20 02:18:44 UTC,4/11350,2047,LOG,00000,"duration: 0.588 ms",,,,,,,,,""
2020-09-20 02:18:48.953 UTC,"b2bc_api","b2bc_dev",84533,"172.21.0.1:36094",5f66bc04.14a35,197,"SELECT",2020-09-20 02:18:44 UTC,4/11350,2047,LOG,00000,"execute fetch from <unnamed>/C_1: select * from enterprise_transaction_message_v order by ar_received_at, source_id",,,,,,,,,""
2020-09-20 02:18:48.954 UTC,"b2bc_api","b2bc_dev",84533,"172.21.0.1:36094",5f66bc04.14a35,198,"SELECT",2020-09-20 02:18:44 UTC,4/11350,2047,LOG,00000,"duration: 0.636 ms",,,,,,,,,""
2020-09-20 02:18:48.975 UTC,"b2bc_api","b2bc_dev",84533,"172.21.0.1:36094",5f66bc04.14a35,199,"SELECT",2020-09-20 02:18:44 UTC,4/11350,2047,LOG,00000,"execute fetch from <unnamed>/C_1: select * from enterprise_transaction_message_v order by ar_received_at, source_id",,,,,,,,,""
2020-09-20 02:18:48.976 UTC,"b2bc_api","b2bc_dev",84533,"172.21.0.1:36094",5f66bc04.14a35,200,"SELECT",2020-09-20 02:18:44 UTC,4/11350,2047,LOG,00000,"duration: 0.742 ms",,,,,,,,,""
2020-09-20 02:18:49.000 UTC,"b2bc_api","b2bc_dev",84533,"172.21.0.1:36094",5f66bc04.14a35,201,"SELECT",2020-09-20 02:18:44 UTC,4/11350,2047,LOG,00000,"execute fetch from <unnamed>/C_1: select * from enterprise_transaction_message_v order by ar_received_at, source_id",,,,,,,,,""
2020-09-20 02:18:49.018 UTC,"b2bc_api","b2bc_dev",84533,"172.21.0.1:36094",5f66bc04.14a35,202,"SELECT",2020-09-20 02:18:44 UTC,4/11350,2047,LOG,00000,"duration: 17.834 ms",,,,,,,,,""
2020-09-20 02:18:49.039 UTC,"b2bc_api","b2bc_dev",84533,"172.21.0.1:36094",5f66bc04.14a35,203,"SELECT",2020-09-20 02:18:44 UTC,4/11350,2047,LOG,00000,"execute fetch from <unnamed>/C_1: select * from enterprise_transaction_message_v order by ar_received_at, source_id",,,,,,,,,""
2020-09-20 02:18:49.053 UTC,"b2bc_api","b2bc_dev",84533,"172.21.0.1:36094",5f66bc04.14a35,204,"SELECT",2020-09-20 02:18:44 UTC,4/11350,2047,LOG,00000,"duration: 13.547 ms",,,,,,,,,""
2020-09-20 02:18:49.076 UTC,"b2bc_api","b2bc_dev",84533,"172.21.0.1:36094",5f66bc04.14a35,205,"SELECT",2020-09-20 02:18:44 UTC,4/11350,2047,LOG,00000,"execute fetch from <unnamed>/C_1: select * from enterprise_transaction_message_v order by ar_received_at, source_id",,,,,,,,,""
2020-09-20 02:18:49.078 UTC,"b2bc_api","b2bc_dev",84533,"172.21.0.1:36094",5f66bc04.14a35,206,"SELECT",2020-09-20 02:18:44 UTC,4/11350,2047,LOG,00000,"duration: 2.478 ms",,,,,,,,,""
2020-09-20 02:18:49.129 UTC,"b2bc_api","b2bc_dev",84533,"172.21.0.1:36094",5f66bc04.14a35,207,"SELECT",2020-09-20 02:18:44 UTC,4/11350,2047,LOG,00000,"execute fetch from <unnamed>/C_1: select * from enterprise_transaction_message_v order by ar_received_at, source_id",,,,,,,,,""
2020-09-20 02:18:49.130 UTC,"b2bc_api","b2bc_dev",84533,"172.21.0.1:36094",5f66bc04.14a35,208,"SELECT",2020-09-20 02:18:44 UTC,4/11350,2047,LOG,00000,"duration: 0.839 ms",,,,,,,,,""
2020-09-20 02:18:49.168 UTC,"b2bc_api","b2bc_dev",84533,"172.21.0.1:36094",5f66bc04.14a35,209,"SELECT",2020-09-20 02:18:44 UTC,4/11350,2047,LOG,00000,"execute fetch from <unnamed>/C_1: select * from enterprise_transaction_message_v order by ar_received_at, source_id",,,,,,,,,""
2020-09-20 02:18:49.168 UTC,"b2bc_api","b2bc_dev",84549,"172.21.0.1:36110",5f66bc08.14a45,9,"idle",2020-09-20 02:18:48 UTC,,0,LOG,00000,"disconnection: session time: 0:00:00.647 user=b2bc_api database=b2bc_dev host=172.21.0.1 port=36110",,,,,,,,,""
2020-09-20 02:18:49.169 UTC,"b2bc_api","b2bc_dev",84533,"172.21.0.1:36094",5f66bc04.14a35,210,"SELECT",2020-09-20 02:18:44 UTC,4/11350,2047,LOG,00000,"duration: 1.070 ms",,,,,,,,,""
2020-09-20 02:18:49.207 UTC,"b2bc_api","b2bc_dev",84533,"172.21.0.1:36094",5f66bc04.14a35,211,"SELECT",2020-09-20 02:18:44 UTC,4/11350,2047,LOG,00000,"execute fetch from <unnamed>/C_1: select * from enterprise_transaction_message_v order by ar_received_at, source_id",,,,,,,,,""
2020-09-20 02:18:49.208 UTC,"b2bc_api","b2bc_dev",84533,"172.21.0.1:36094",5f66bc04.14a35,212,"SELECT",2020-09-20 02:18:44 UTC,4/11350,2047,LOG,00000,"duration: 1.133 ms",,,,,,,,,""
2020-09-20 02:18:49.266 UTC,"b2bc_api","b2bc_dev",84533,"172.21.0.1:36094",5f66bc04.14a35,213,"SELECT",2020-09-20 02:18:44 UTC,4/11350,2047,LOG,00000,"execute fetch from <unnamed>/C_1: select * from enterprise_transaction_message_v order by ar_received_at, source_id",,,,,,,,,""
2020-09-20 02:18:49.269 UTC,"b2bc_api","b2bc_dev",84533,"172.21.0.1:36094",5f66bc04.14a35,214,"SELECT",2020-09-20 02:18:44 UTC,4/11350,2047,LOG,00000,"duration: 1.439 ms",,,,,,,,,""
2020-09-20 02:18:49.303 UTC,"b2bc_api","b2bc_dev",84533,"172.21.0.1:36094",5f66bc04.14a35,215,"SELECT",2020-09-20 02:18:44 UTC,4/11350,2047,LOG,00000,"execute fetch from <unnamed>/C_1: select * from enterprise_transaction_message_v order by ar_received_at, source_id",,,,,,,,,""
2020-09-20 02:18:49.303 UTC,"b2bc_api","b2bc_dev",84533,"172.21.0.1:36094",5f66bc04.14a35,216,"SELECT",2020-09-20 02:18:44 UTC,4/11350,2047,LOG,00000,"duration: 0.528 ms",,,,,,,,,""
2020-09-20 02:18:49.330 UTC,"b2bc_api","b2bc_dev",84533,"172.21.0.1:36094",5f66bc04.14a35,217,"SELECT",2020-09-20 02:18:44 UTC,4/11350,2047,LOG,00000,"execute fetch from <unnamed>/C_1: select * from enterprise_transaction_message_v order by ar_received_at, source_id",,,,,,,,,""
2020-09-20 02:18:49.331 UTC,"b2bc_api","b2bc_dev",84533,"172.21.0.1:36094",5f66bc04.14a35,218,"SELECT",2020-09-20 02:18:44 UTC,4/11350,2047,LOG,00000,"duration: 1.101 ms",,,,,,,,,""
2020-09-20 02:18:49.365 UTC,"b2bc_api","b2bc_dev",84533,"172.21.0.1:36094",5f66bc04.14a35,219,"PARSE",2020-09-20 02:18:44 UTC,4/11350,2047,LOG,00000,"duration: 4.864 ms  parse <unnamed>: insert into enterprise_message_log(correlation_id,message_type,object_id) values ($1,$2,$3) returning *",,,,,,,,,""
